{"cameraMode":{"drawMode":0,"name":"Shaded","section":"Shading Mode"},"sceneLighting":false,"audioPlay":false,"sceneViewState":{"m_AlwaysRefresh":false,"showFog":true,"showSkybox":false,"showFlares":true,"showImageEffects":true,"showParticleSystems":true,"showVisualEffectGraphs":true,"m_FxEnabled":true},"in2DMode":false,"pivot":{"x":-6.386681079864502,"y":2.1371426582336427,"z":23.008895874023439},"rotation":{"x":-0.035880714654922488,"y":0.9601278901100159,"z":-0.23081493377685548,"w":-0.15244418382644654},"size":3.9798903465270998,"orthographic":false}